{
  "Total" : {
    "transaction" : "Total",
    "sampleCount" : 27448,
    "errorCount" : 0,
    "errorPct" : 0.0,
    "meanResTime" : 79.0825561060917,
    "medianResTime" : 60.0,
    "minResTime" : 0.0,
    "maxResTime" : 740.0,
    "pct1ResTime" : 175.0,
    "pct2ResTime" : 225.0,
    "pct3ResTime" : 349.0,
    "throughput" : 2514.934945940993,
    "receivedKBytesPerSec" : 439.1086348382811,
    "sentKBytesPerSec" : 319.27885055891517
  },
  "teas_0/teas/hello/tea" : {
    "transaction" : "teas_0/teas/hello/tea",
    "sampleCount" : 27448,
    "errorCount" : 0,
    "errorPct" : 0.0,
    "meanResTime" : 79.0825561060917,
    "medianResTime" : 60.0,
    "minResTime" : 0.0,
    "maxResTime" : 740.0,
    "pct1ResTime" : 175.0,
    "pct2ResTime" : 225.0,
    "pct3ResTime" : 349.0,
    "throughput" : 2514.934945940993,
    "receivedKBytesPerSec" : 439.1086348382811,
    "sentKBytesPerSec" : 319.27885055891517
  }
}