{
  "Total" : {
    "transaction" : "Total",
    "sampleCount" : 6487,
    "errorCount" : 0,
    "errorPct" : 0.0,
    "meanResTime" : 121.26098350547264,
    "medianResTime" : 104.0,
    "minResTime" : 20.0,
    "maxResTime" : 893.0,
    "pct1ResTime" : 168.0,
    "pct2ResTime" : 205.0,
    "pct3ResTime" : 740.1199999999999,
    "throughput" : 813.9272271016312,
    "receivedKBytesPerSec" : 105.71515742628607,
    "sentKBytesPerSec" : 101.7409033877039
  },
  "gateway_0/hellotea" : {
    "transaction" : "gateway_0/hellotea",
    "sampleCount" : 6487,
    "errorCount" : 0,
    "errorPct" : 0.0,
    "meanResTime" : 121.26098350547264,
    "medianResTime" : 104.0,
    "minResTime" : 20.0,
    "maxResTime" : 893.0,
    "pct1ResTime" : 168.0,
    "pct2ResTime" : 205.0,
    "pct3ResTime" : 740.1199999999999,
    "throughput" : 813.9272271016312,
    "receivedKBytesPerSec" : 105.71515742628607,
    "sentKBytesPerSec" : 101.7409033877039
  }
}