{
  "gateway_cl/helloauth-2" : {
    "transaction" : "gateway_cl/helloauth-2",
    "sampleCount" : 1007,
    "errorCount" : 0,
    "errorPct" : 0.0,
    "meanResTime" : 1084.9136047666325,
    "medianResTime" : 928.0,
    "minResTime" : 28.0,
    "maxResTime" : 3418.0,
    "pct1ResTime" : 2049.0,
    "pct2ResTime" : 2314.3999999999996,
    "pct3ResTime" : 2962.399999999999,
    "throughput" : 221.41600703605982,
    "receivedKBytesPerSec" : 1027.0508671394018,
    "sentKBytesPerSec" : 211.27354228507036
  },
  "gateway_cl/helloauth-0" : {
    "transaction" : "gateway_cl/helloauth-0",
    "sampleCount" : 1007,
    "errorCount" : 0,
    "errorPct" : 0.0,
    "meanResTime" : 137.7964250248264,
    "medianResTime" : 29.0,
    "minResTime" : 3.0,
    "maxResTime" : 809.0,
    "pct1ResTime" : 455.20000000000005,
    "pct2ResTime" : 561.7999999999988,
    "pct3ResTime" : 738.92,
    "throughput" : 252.88799598191864,
    "receivedKBytesPerSec" : 81.24597799472626,
    "sentKBytesPerSec" : 44.20600711012054
  },
  "gateway_cl/helloauth-1" : {
    "transaction" : "gateway_cl/helloauth-1",
    "sampleCount" : 1007,
    "errorCount" : 0,
    "errorPct" : 0.0,
    "meanResTime" : 56.88579940417076,
    "medianResTime" : 14.0,
    "minResTime" : 1.0,
    "maxResTime" : 355.0,
    "pct1ResTime" : 196.0,
    "pct2ResTime" : 235.19999999999982,
    "pct3ResTime" : 270.91999999999996,
    "throughput" : 259.80392156862746,
    "receivedKBytesPerSec" : 150.4052381643447,
    "sentKBytesPerSec" : 50.21335219943241
  },
  "Total" : {
    "transaction" : "Total",
    "sampleCount" : 4028,
    "errorCount" : 0,
    "errorPct" : 0.0,
    "meanResTime" : 640.0052135054615,
    "medianResTime" : 350.0,
    "minResTime" : 1.0,
    "maxResTime" : 4134.0,
    "pct1ResTime" : 1749.1999999999998,
    "pct2ResTime" : 2194.849999999998,
    "pct3ResTime" : 3015.71,
    "throughput" : 851.585623678647,
    "receivedKBytesPerSec" : 2358.359209830867,
    "sentKBytesPerSec" : 563.0136760042283
  },
  "gateway_cl/helloauth" : {
    "transaction" : "gateway_cl/helloauth",
    "sampleCount" : 1007,
    "errorCount" : 0,
    "errorPct" : 0.0,
    "meanResTime" : 1280.425024826217,
    "medianResTime" : 1113.0,
    "minResTime" : 41.0,
    "maxResTime" : 4134.0,
    "pct1ResTime" : 2346.2,
    "pct2ResTime" : 2736.6,
    "pct3ResTime" : 3514.2,
    "throughput" : 212.89640591966176,
    "receivedKBytesPerSec" : 1179.1796049154334,
    "sentKBytesPerSec" : 281.50683800211414
  }
}