{
  "gateway_cl/helloauth-2" : {
    "transaction" : "gateway_cl/helloauth-2",
    "sampleCount" : 1810,
    "errorCount" : 0,
    "errorPct" : 0.0,
    "meanResTime" : 1411.9546961325968,
    "medianResTime" : 1320.5,
    "minResTime" : 22.0,
    "maxResTime" : 4415.0,
    "pct1ResTime" : 2550.9,
    "pct2ResTime" : 2990.45,
    "pct3ResTime" : 3754.579999999997,
    "throughput" : 186.7905056759546,
    "receivedKBytesPerSec" : 860.4593975748195,
    "sentKBytesPerSec" : 197.8108472007224
  },
  "gateway_cl/helloauth-0" : {
    "transaction" : "gateway_cl/helloauth-0",
    "sampleCount" : 1810,
    "errorCount" : 0,
    "errorPct" : 0.0,
    "meanResTime" : 119.68121546961306,
    "medianResTime" : 20.0,
    "minResTime" : 4.0,
    "maxResTime" : 873.0,
    "pct1ResTime" : 597.9000000000001,
    "pct2ResTime" : 645.0,
    "pct3ResTime" : 796.8899999999999,
    "throughput" : 202.7556850005601,
    "receivedKBytesPerSec" : 62.41817309846533,
    "sentKBytesPerSec" : 35.44264415537135
  },
  "gateway_cl/helloauth-1" : {
    "transaction" : "gateway_cl/helloauth-1",
    "sampleCount" : 1810,
    "errorCount" : 0,
    "errorPct" : 0.0,
    "meanResTime" : 34.129834254143724,
    "medianResTime" : 9.0,
    "minResTime" : 1.0,
    "maxResTime" : 407.0,
    "pct1ResTime" : 115.0,
    "pct2ResTime" : 197.44999999999982,
    "pct3ResTime" : 282.8899999999999,
    "throughput" : 207.259819077064,
    "receivedKBytesPerSec" : 117.57888540593152,
    "sentKBytesPerSec" : 41.502508444978815
  },
  "Total" : {
    "transaction" : "Total",
    "sampleCount" : 7240,
    "errorCount" : 0,
    "errorPct" : 0.0,
    "meanResTime" : 783.0176795580101,
    "medianResTime" : 487.5,
    "minResTime" : 1.0,
    "maxResTime" : 5318.0,
    "pct1ResTime" : 2145.0,
    "pct2ResTime" : 2631.0,
    "pct3ResTime" : 3487.1800000000003,
    "throughput" : 727.3457906369298,
    "receivedKBytesPerSec" : 1993.545308418726,
    "sentKBytesPerSec" : 521.5240104480611
  },
  "gateway_cl/helloauth" : {
    "transaction" : "gateway_cl/helloauth",
    "sampleCount" : 1810,
    "errorCount" : 0,
    "errorPct" : 0.0,
    "meanResTime" : 1566.3049723756878,
    "medianResTime" : 1450.0,
    "minResTime" : 30.0,
    "maxResTime" : 5318.0,
    "pct1ResTime" : 2701.9,
    "pct2ResTime" : 3088.45,
    "pct3ResTime" : 4022.349999999998,
    "throughput" : 181.83644765923245,
    "receivedKBytesPerSec" : 996.772654209363,
    "sentKBytesPerSec" : 260.76200522403053
  }
}