{
  "Total" : {
    "transaction" : "Total",
    "sampleCount" : 7286,
    "errorCount" : 0,
    "errorPct" : 0.0,
    "meanResTime" : 241.5164699423547,
    "medianResTime" : 231.0,
    "minResTime" : 45.0,
    "maxResTime" : 753.0,
    "pct1ResTime" : 350.0,
    "pct2ResTime" : 393.0,
    "pct3ResTime" : 539.1300000000001,
    "throughput" : 807.8500942454817,
    "receivedKBytesPerSec" : 262.7090638513139,
    "sentKBytesPerSec" : 143.5827315944118
  },
  "gateway_cl/hellotea/tea" : {
    "transaction" : "gateway_cl/hellotea/tea",
    "sampleCount" : 7286,
    "errorCount" : 0,
    "errorPct" : 0.0,
    "meanResTime" : 241.5164699423547,
    "medianResTime" : 231.0,
    "minResTime" : 45.0,
    "maxResTime" : 753.0,
    "pct1ResTime" : 350.0,
    "pct2ResTime" : 393.0,
    "pct3ResTime" : 539.1300000000001,
    "throughput" : 807.8500942454817,
    "receivedKBytesPerSec" : 262.7090638513139,
    "sentKBytesPerSec" : 143.5827315944118
  }
}