{
  "gateway_cl/hellotea/tea-0" : {
    "transaction" : "gateway_cl/hellotea/tea-0",
    "sampleCount" : 344,
    "errorCount" : 0,
    "errorPct" : 0.0,
    "meanResTime" : 777.6511627906973,
    "medianResTime" : 821.0,
    "minResTime" : 7.0,
    "maxResTime" : 1486.0,
    "pct1ResTime" : 1217.5,
    "pct2ResTime" : 1372.75,
    "pct3ResTime" : 1477.75,
    "throughput" : 89.5600104139547,
    "receivedKBytesPerSec" : 33.995866961728716,
    "sentKBytesPerSec" : 15.917892475917728
  },
  "gateway_cl/hellotea/tea-1" : {
    "transaction" : "gateway_cl/hellotea/tea-1",
    "sampleCount" : 344,
    "errorCount" : 0,
    "errorPct" : 0.0,
    "meanResTime" : 426.47093023255826,
    "medianResTime" : 433.5,
    "minResTime" : 4.0,
    "maxResTime" : 923.0,
    "pct1ResTime" : 735.5,
    "pct2ResTime" : 797.5,
    "pct3ResTime" : 900.7500000000002,
    "throughput" : 104.8780487804878,
    "receivedKBytesPerSec" : 66.00847942073172,
    "sentKBytesPerSec" : 17.094607469512198
  },
  "Total" : {
    "transaction" : "Total",
    "sampleCount" : 1376,
    "errorCount" : 0,
    "errorPct" : 0.0,
    "meanResTime" : 2046.260174418603,
    "medianResTime" : 1372.5,
    "minResTime" : 4.0,
    "maxResTime" : 5380.0,
    "pct1ResTime" : 4594.3,
    "pct2ResTime" : 4907.599999999999,
    "pct3ResTime" : 5307.0,
    "throughput" : 254.4849269465508,
    "receivedKBytesPerSec" : 736.2995884963935,
    "sentKBytesPerSec" : 106.83488995746255
  },
  "gateway_cl/hellotea/tea-2" : {
    "transaction" : "gateway_cl/hellotea/tea-2",
    "sampleCount" : 344,
    "errorCount" : 0,
    "errorPct" : 0.0,
    "meanResTime" : 2887.572674418603,
    "medianResTime" : 3018.5,
    "minResTime" : 876.0,
    "maxResTime" : 4282.0,
    "pct1ResTime" : 3739.5,
    "pct2ResTime" : 3844.25,
    "pct3ResTime" : 4161.900000000001,
    "throughput" : 76.02209944751381,
    "receivedKBytesPerSec" : 363.20441988950273,
    "sentKBytesPerSec" : 37.92645027624309
  },
  "gateway_cl/hellotea/tea" : {
    "transaction" : "gateway_cl/hellotea/tea",
    "sampleCount" : 344,
    "errorCount" : 0,
    "errorPct" : 0.0,
    "meanResTime" : 4093.3459302325614,
    "medianResTime" : 4458.0,
    "minResTime" : 891.0,
    "maxResTime" : 5380.0,
    "pct1ResTime" : 5126.5,
    "pct2ResTime" : 5282.25,
    "pct3ResTime" : 5357.0,
    "throughput" : 63.6212317366377,
    "receivedKBytesPerSec" : 368.14979424819677,
    "sentKBytesPerSec" : 53.417444978731275
  }
}