{
  "gateway_0/helloauth" : {
    "transaction" : "gateway_0/helloauth",
    "sampleCount" : 51,
    "errorCount" : 0,
    "errorPct" : 0.0,
    "meanResTime" : 283.7254901960785,
    "medianResTime" : 254.0,
    "minResTime" : 117.0,
    "maxResTime" : 586.0,
    "pct1ResTime" : 507.2000000000002,
    "pct2ResTime" : 558.1999999999999,
    "pct3ResTime" : 586.0,
    "throughput" : 84.43708609271523,
    "receivedKBytesPerSec" : 7.99843491307947,
    "sentKBytesPerSec" : 10.307261485927153
  },
  "Total" : {
    "transaction" : "Total",
    "sampleCount" : 306,
    "errorCount" : 0,
    "errorPct" : 0.0,
    "meanResTime" : 328.11111111111103,
    "medianResTime" : 278.0,
    "minResTime" : 9.0,
    "maxResTime" : 985.0,
    "pct1ResTime" : 644.3,
    "pct2ResTime" : 754.1999999999998,
    "pct3ResTime" : 908.8100000000002,
    "throughput" : 270.79646017699116,
    "receivedKBytesPerSec" : 68.44838910398231,
    "sentKBytesPerSec" : 140.95167311946904
  },
  "teas_rs/teas/hello/tea" : {
    "transaction" : "teas_rs/teas/hello/tea",
    "sampleCount" : 102,
    "errorCount" : 0,
    "errorPct" : 0.0,
    "meanResTime" : 245.61764705882356,
    "medianResTime" : 131.5,
    "minResTime" : 9.0,
    "maxResTime" : 720.0,
    "pct1ResTime" : 611.6000000000001,
    "pct2ResTime" : 654.3499999999999,
    "pct3ResTime" : 719.88,
    "throughput" : 138.02435723951288,
    "receivedKBytesPerSec" : 35.58440460081191,
    "sentKBytesPerSec" : 95.90266618741543
  },
  "gateway_rs/helloauth" : {
    "transaction" : "gateway_rs/helloauth",
    "sampleCount" : 51,
    "errorCount" : 0,
    "errorPct" : 0.0,
    "meanResTime" : 177.78431372549016,
    "medianResTime" : 183.0,
    "minResTime" : 59.0,
    "maxResTime" : 319.0,
    "pct1ResTime" : 283.6,
    "pct2ResTime" : 301.79999999999995,
    "pct3ResTime" : 319.0,
    "throughput" : 68.73315363881402,
    "receivedKBytesPerSec" : 19.935299444070083,
    "sentKBytesPerSec" : 86.45341981132076
  },
  "gateway_cl/helloauth" : {
    "transaction" : "gateway_cl/helloauth",
    "sampleCount" : 51,
    "errorCount" : 0,
    "errorPct" : 0.0,
    "meanResTime" : 404.94117647058823,
    "medianResTime" : 451.0,
    "minResTime" : 103.0,
    "maxResTime" : 833.0,
    "pct1ResTime" : 616.2,
    "pct2ResTime" : 783.4,
    "pct3ResTime" : 833.0,
    "throughput" : 60.786650774731825,
    "receivedKBytesPerSec" : 17.63050320321812,
    "sentKBytesPerSec" : 10.625791492848629
  },
  "gateway_cl/hellotea/auth" : {
    "transaction" : "gateway_cl/hellotea/auth",
    "sampleCount" : 51,
    "errorCount" : 0,
    "errorPct" : 0.0,
    "meanResTime" : 610.9803921568628,
    "medianResTime" : 605.0,
    "minResTime" : 185.0,
    "maxResTime" : 985.0,
    "pct1ResTime" : 887.8000000000001,
    "pct2ResTime" : 915.6,
    "pct3ResTime" : 985.0,
    "throughput" : 50.74626865671642,
    "receivedKBytesPerSec" : 16.552005597014926,
    "sentKBytesPerSec" : 9.068913246268657
  }
}